{
   "dashboards": [{
      "autoswitchEnabled": false,
      "columnCount": 1,
      "columnProportion": "1",
      "creationTime": 1543496297490,
      "dashboardNavigations": {},
      "description": "",
      "disabled": false,
      "gridsterMaxColumns": 12,
      "hidden": false,
      "homeTab": false,
      "id": "aae1d97e-5b57-48a8-95ad-2ce319a92213",
      "importAttempts": 0,
      "importComplete": true,
      "isDefault": false,
      "locked": false,
      "name": "tkopton-vMotion Pre-Flight Requirements Check",
      "rank": 84,
      "shared": false,
      "temporary": false,
      "userId": "3c6e818d-c6e8-4f92-8cec-5cbeb54c56cc",
      "widgetInteractions": [
         {
            "type": "resourceId",
            "widgetIdProvider": "c7e61cba-33a3-41a9-a663-cf3a441818fd",
            "widgetIdReceiver": "778d4865-1df3-461e-a456-dbf85010361a"
         },
         {
            "type": "resourceId",
            "widgetIdProvider": "778d4865-1df3-461e-a456-dbf85010361a",
            "widgetIdReceiver": "0ddab8bf-5bb7-4449-b8b4-1c53b90fa3ff"
         },
         {
            "type": "resourceId",
            "widgetIdProvider": "0ddab8bf-5bb7-4449-b8b4-1c53b90fa3ff",
            "widgetIdReceiver": "ec0b3a51-f92e-4601-af69-1ac601e81e31"
         },
         {
            "type": "resourceId",
            "widgetIdProvider": "0ddab8bf-5bb7-4449-b8b4-1c53b90fa3ff",
            "widgetIdReceiver": "fc4bad0b-6f62-4be2-9397-639021a2e88c"
         },
         {
            "type": "resourceId",
            "widgetIdProvider": "c74f40c8-7c67-4f30-ac86-e4be1017e63e",
            "widgetIdReceiver": "4fe7af6d-7450-432d-97ef-05faa6209b09"
         },
         {
            "type": "resourceId",
            "widgetIdProvider": "4fe7af6d-7450-432d-97ef-05faa6209b09",
            "widgetIdReceiver": "5fb69d1f-168d-464b-b399-ec825afdff1a"
         },
         {
            "type": "resourceId",
            "widgetIdProvider": "4fe7af6d-7450-432d-97ef-05faa6209b09",
            "widgetIdReceiver": "4af667cf-1490-4e20-84cf-ac171709a41f"
         },
         {
            "type": "resourceId",
            "widgetIdProvider": "4fe7af6d-7450-432d-97ef-05faa6209b09",
            "widgetIdReceiver": "206bedaf-973b-4eba-9cb9-cb325e75db75"
         },
         {
            "type": "resourceId",
            "widgetIdProvider": "0ddab8bf-5bb7-4449-b8b4-1c53b90fa3ff",
            "widgetIdReceiver": "25fc6ac4-b908-4747-a87c-2e0b041ccc78"
         },
         {
            "type": "resourceId",
            "widgetIdProvider": "778d4865-1df3-461e-a456-dbf85010361a",
            "widgetIdReceiver": "713c43cb-0c01-4638-9094-6bff0155d9d0"
         }
      ],
      "widgets": [
         {
            "collapsed": false,
            "config": {
               "autoZoom": {"autoSize": false},
               "nodeSize": null,
               "refreshContent": {"refreshContent": true},
               "refreshInterval": 300,
               "resourceName": "",
               "selfProvider": {"selfProvider": false},
               "tagFilter": {
                  "path": [
                     "/source/kind/kind:resourceKind:id:0_::_",
                     "/source/kind/kind:resourceKind:id:1_::_",
                     "/source/kind/kind:resourceKind:id:2_::_",
                     "/source/kind/kind:resourceKind:id:3_::_",
                     "/source/kind/kind:resourceKind:id:4_::_"
                  ],
                  "value": {
                     "adapterInstance": [],
                     "adapterKind": [],
                     "bus": [],
                     "collector": [],
                     "day": [],
                     "exclaim": false,
                     "healthRange": [],
                     "kind": [
                        "resourceKind:id:0_::_",
                        "resourceKind:id:1_::_",
                        "resourceKind:id:2_::_",
                        "resourceKind:id:3_::_",
                        "resourceKind:id:4_::_"
                     ],
                     "maintenanceSchedule": [],
                     "state": [],
                     "status": [],
                     "tag": [],
                     "tier": []
                  }
               },
               "title": "4. Check the storage and network used by the VM to be migrated"
            },
            "gridsterCoords": {
               "h": 6,
               "w": 2,
               "x": 1,
               "y": 13
            },
            "height": 324,
            "id": "ec0b3a51-f92e-4601-af69-1ac601e81e31",
            "states": [{
               "key": "permResourceRelationship_widget_aae1d97e-5b57-48a8-95ad-2ce319a92213_ec0b3a51-f92e-4601-af69-1ac601e81e31",
               "value": "o%3A"
            }],
            "title": "4. Check the storage and network used by the VM to be migrated",
            "type": "ResourceRelationship"
         },
         {
            "collapsed": false,
            "config": {
               "metric": {
                  "mode": "resourceKind",
                  "resourceKindMetrics": [
                     {
                        "colorMethod": 1,
                        "id": "extModel18086-1",
                        "isStringMetric": false,
                        "metricKey": "cpu|reservation",
                        "metricName": "CPU|CPU reservation",
                        "metricUnitId": null,
                        "resourceKindId": "resourceKind:id:5_::_",
                        "resourceKindName": "Virtual Machine",
                        "unit": null
                     },
                     {
                        "colorMethod": 1,
                        "id": "extModel11493-1",
                        "isStringMetric": false,
                        "metricKey": "config|memoryAllocation|reservation",
                        "metricName": "Configuration|Memory Resource Allocation|Reservation",
                        "metricUnitId": null,
                        "resourceKindId": "resourceKind:id:5_::_",
                        "resourceKindName": "Virtual Machine",
                        "unit": null
                     }
                  ],
                  "resourceMetrics": []
               },
               "refreshContent": {"refreshContent": true},
               "refreshInterval": 300,
               "relationshipMode": 0,
               "resInteractionMode": null,
               "selfProvider": {"selfProvider": false},
               "title": "5. Check the VM for CPU and RAM reservations",
               "visualTheme": 2
            },
            "gridsterCoords": {
               "h": 6,
               "w": 2,
               "x": 3,
               "y": 13
            },
            "height": 324,
            "id": "fc4bad0b-6f62-4be2-9397-639021a2e88c",
            "title": "5. Check the VM for CPU and RAM reservations",
            "type": "PropertyList"
         },
         {
            "collapsed": false,
            "config": {
               "chartViewItems": [],
               "refreshContent": {"refreshContent": true},
               "refreshInterval": 300,
               "resource": null,
               "selectFirstRow": {"selectFirstRow": true},
               "selfProvider": {"selfProvider": false},
               "title": "2. Select the source ESXi Host and check it's configuration and utilization",
               "traversalSpecId": "",
               "viewDefinitionId": "3e8261af-d920-4204-91f2-7de5bc12af56"
            },
            "gridsterCoords": {
               "h": 4,
               "w": 12,
               "x": 1,
               "y": 5
            },
            "height": 210,
            "id": "778d4865-1df3-461e-a456-dbf85010361a",
            "title": "2. Select the source ESXi Host and check it's configuration and utilization",
            "type": "View"
         },
         {
            "collapsed": false,
            "config": {
               "chartViewItems": [],
               "refreshContent": {"refreshContent": true},
               "refreshInterval": 300,
               "resource": {
                  "adapterKindId": null,
                  "allowDrag": true,
                  "allowDrop": true,
                  "checked": null,
                  "children": null,
                  "cls": "",
                  "depth": 3,
                  "expandable": true,
                  "expanded": false,
                  "href": "",
                  "hrefTarget": "",
                  "icon": "",
                  "iconCls": "resknd_default_vmware_vsphereworld",
                  "iconSrc": "images/resknd/default/16x16/VMWARE_vSphere World.png",
                  "id": "ac04a446-dd33-4461-9fc7-ac54b203fa25",
                  "index": 0,
                  "isFirst": true,
                  "isLast": true,
                  "leaf": true,
                  "loaded": false,
                  "loading": false,
                  "nodeType": "resource",
                  "parentId": "002006VMWAREvSphere World",
                  "qshowDelay": 0,
                  "qtip": "",
                  "qtitle": "",
                  "resourceId": "resource:id:0_::_",
                  "resourceKindId": "002006VMWAREvSphere World",
                  "resourceKindKey": "{adKind=VMWARE, resKind=vSphere World}",
                  "resourceKindName": "vSphere World",
                  "resourceKindType": "8",
                  "resourceName": "vSphere World",
                  "root": false,
                  "text": "vSphere World",
                  "traversalSpecId": "",
                  "uniqueId": "ac04a446-dd33-4461-9fc7-ac54b203fa25_1545419750390",
                  "visible": true
               },
               "selectFirstRow": {"selectFirstRow": true},
               "selfProvider": {"selfProvider": true},
               "title": "1. Select the source cluster and check it's configuration and utilozation",
               "traversalSpecId": null,
               "viewDefinitionId": "dcd8980d-12b9-48aa-9f50-bb128225990d"
            },
            "gridsterCoords": {
               "h": 4,
               "w": 12,
               "x": 1,
               "y": 1
            },
            "height": 210,
            "id": "c7e61cba-33a3-41a9-a663-cf3a441818fd",
            "title": "1. Select the source cluster and check it's configuration and utilozation",
            "type": "View"
         },
         {
            "collapsed": false,
            "config": {
               "chartViewItems": [],
               "refreshContent": {"refreshContent": true},
               "refreshInterval": 300,
               "resource": null,
               "selectFirstRow": {"selectFirstRow": true},
               "selfProvider": {"selfProvider": false},
               "title": "3. Select the VM to migrate and check it's configuration and workload",
               "traversalSpecId": "",
               "viewDefinitionId": "cb74f35f-d398-42c6-95d7-5ae45f5b08dc"
            },
            "gridsterCoords": {
               "h": 4,
               "w": 12,
               "x": 1,
               "y": 9
            },
            "height": 210,
            "id": "0ddab8bf-5bb7-4449-b8b4-1c53b90fa3ff",
            "title": "3. Select the VM to migrate and check it's configuration and workload",
            "type": "View"
         },
         {
            "collapsed": false,
            "config": {
               "chartViewItems": [],
               "refreshContent": {"refreshContent": true},
               "refreshInterval": 300,
               "resource": {
                  "adapterKindId": null,
                  "allowDrag": true,
                  "allowDrop": true,
                  "checked": null,
                  "children": null,
                  "cls": "",
                  "depth": 3,
                  "expandable": true,
                  "expanded": false,
                  "href": "",
                  "hrefTarget": "",
                  "icon": "",
                  "iconCls": "resknd_default_vmware_vsphereworld",
                  "iconSrc": "images/resknd/default/16x16/VMWARE_vSphere World.png",
                  "id": "ac04a446-dd33-4461-9fc7-ac54b203fa25",
                  "index": 0,
                  "isFirst": true,
                  "isLast": true,
                  "leaf": true,
                  "loaded": false,
                  "loading": false,
                  "nodeType": "resource",
                  "parentId": "002006VMWAREvSphere World",
                  "qshowDelay": 0,
                  "qtip": "",
                  "qtitle": "",
                  "resourceId": "resource:id:0_::_",
                  "resourceKindId": "002006VMWAREvSphere World",
                  "resourceKindKey": "{adKind=VMWARE, resKind=vSphere World}",
                  "resourceKindName": "vSphere World",
                  "resourceKindType": "8",
                  "resourceName": "vSphere World",
                  "root": false,
                  "text": "vSphere World",
                  "traversalSpecId": "",
                  "uniqueId": "ac04a446-dd33-4461-9fc7-ac54b203fa25_1545410550370",
                  "visible": true
               },
               "selectFirstRow": {"selectFirstRow": true},
               "selfProvider": {"selfProvider": true},
               "title": "8. Select the destination cluster and check it's configuration and utilization",
               "traversalSpecId": null,
               "viewDefinitionId": "dcd8980d-12b9-48aa-9f50-bb128225990d"
            },
            "gridsterCoords": {
               "h": 5,
               "w": 12,
               "x": 1,
               "y": 19
            },
            "height": 267,
            "id": "c74f40c8-7c67-4f30-ac86-e4be1017e63e",
            "title": "8. Select the destination cluster and check it's configuration and utilization",
            "type": "View"
         },
         {
            "collapsed": false,
            "config": {
               "chartViewItems": [],
               "refreshContent": {"refreshContent": true},
               "refreshInterval": 300,
               "resource": null,
               "selectFirstRow": {"selectFirstRow": true},
               "selfProvider": {"selfProvider": false},
               "title": "9. Select the destination ESXi Host and check it's configuration and utilization",
               "traversalSpecId": "",
               "viewDefinitionId": "3e8261af-d920-4204-91f2-7de5bc12af56"
            },
            "gridsterCoords": {
               "h": 4,
               "w": 12,
               "x": 1,
               "y": 24
            },
            "height": 210,
            "id": "4fe7af6d-7450-432d-97ef-05faa6209b09",
            "title": "9. Select the destination ESXi Host and check it's configuration and utilization",
            "type": "View"
         },
         {
            "collapsed": false,
            "config": {
               "autoZoom": {"autoSize": false},
               "nodeSize": null,
               "refreshContent": {"refreshContent": true},
               "refreshInterval": 300,
               "resourceName": "",
               "selfProvider": {"selfProvider": false},
               "tagFilter": {
                  "path": [
                     "/source/kind/kind:resourceKind:id:2_::_",
                     "/source/kind/kind:resourceKind:id:6_::_",
                     "/source/kind/kind:resourceKind:id:4_::_",
                     "/source/kind/kind:resourceKind:id:0_::_",
                     "/source/kind/kind:resourceKind:id:1_::_"
                  ],
                  "value": {
                     "adapterInstance": [],
                     "adapterKind": [],
                     "bus": [],
                     "collector": [],
                     "day": [],
                     "exclaim": false,
                     "healthRange": [],
                     "kind": [
                        "resourceKind:id:2_::_",
                        "resourceKind:id:6_::_",
                        "resourceKind:id:4_::_",
                        "resourceKind:id:0_::_",
                        "resourceKind:id:1_::_"
                     ],
                     "maintenanceSchedule": [],
                     "state": [],
                     "status": [],
                     "tag": [],
                     "tier": []
                  }
               },
               "title": "10. Check destination network and storage"
            },
            "gridsterCoords": {
               "h": 7,
               "w": 3,
               "x": 1,
               "y": 28
            },
            "height": 381,
            "id": "5fb69d1f-168d-464b-b399-ec825afdff1a",
            "states": [{
               "key": "permResourceRelationship_widget_aae1d97e-5b57-48a8-95ad-2ce319a92213_5fb69d1f-168d-464b-b399-ec825afdff1a",
               "value": "o%3A"
            }],
            "title": "10. Check destination network and storage",
            "type": "ResourceRelationship"
         },
         {
            "collapsed": false,
            "config": {
               "impactedBadge": "",
               "refreshContent": {"refreshContent": true},
               "refreshInterval": 300,
               "selfProvider": {"selfProvider": false},
               "title": "11. Check destination host's alerts",
               "topIssuesDisplayLimit": 5,
               "triggeredObject": {"triggeredObject": "self"}
            },
            "gridsterCoords": {
               "h": 7,
               "w": 4,
               "x": 4,
               "y": 28
            },
            "height": 381,
            "id": "4af667cf-1490-4e20-84cf-ac171709a41f",
            "title": "11. Check destination host's alerts",
            "type": "ProblemAlertsList"
         },
         {
            "collapsed": false,
            "config": {
               "refreshContent": {"refreshContent": true},
               "refreshInterval": 300,
               "selfProvider": {"selfProvider": false},
               "title": "12. Check destination host's remaining capacity"
            },
            "gridsterCoords": {
               "h": 7,
               "w": 5,
               "x": 8,
               "y": 28
            },
            "height": 381,
            "id": "206bedaf-973b-4eba-9cb9-cb325e75db75",
            "title": "12. Check destination host's remaining capacity",
            "type": "IntSummaryCapacity"
         },
         {
            "collapsed": false,
            "config": {
               "impactedBadge": "",
               "refreshContent": {"refreshContent": true},
               "refreshInterval": 300,
               "selfProvider": {"selfProvider": false},
               "title": "6. Check source ESXi alerts",
               "topIssuesDisplayLimit": 5,
               "triggeredObject": {"triggeredObject": "self"}
            },
            "gridsterCoords": {
               "h": 6,
               "w": 4,
               "x": 5,
               "y": 13
            },
            "height": 324,
            "id": "713c43cb-0c01-4638-9094-6bff0155d9d0",
            "title": "6. Check source ESXi alerts",
            "type": "ProblemAlertsList"
         },
         {
            "collapsed": false,
            "config": {
               "impactedBadge": "",
               "refreshContent": {"refreshContent": true},
               "refreshInterval": 300,
               "selfProvider": {"selfProvider": false},
               "title": "7. Check VM's alerts",
               "topIssuesDisplayLimit": 5,
               "triggeredObject": {"triggeredObject": "self"}
            },
            "gridsterCoords": {
               "h": 6,
               "w": 4,
               "x": 9,
               "y": 13
            },
            "height": 324,
            "id": "25fc6ac4-b908-4747-a87c-2e0b041ccc78",
            "title": "7. Check VM's alerts",
            "type": "ProblemAlertsList"
         }
      ]
   }],
   "entries": {
      "resource": [{
         "adapterKindKey": "VMWARE",
         "identifiers": [],
         "internalId": "resource:id:0_::_",
         "name": "vSphere World",
         "resourceKindKey": "vSphere World"
      }],
      "resourceKind": [
         {
            "adapterKindKey": "VMWARE",
            "internalId": "resourceKind:id:4_::_",
            "resourceKindKey": "DistributedVirtualPortgroup"
         },
         {
            "adapterKindKey": "VMWARE",
            "internalId": "resourceKind:id:6_::_",
            "resourceKindKey": "HostSystem"
         },
         {
            "adapterKindKey": "VMWARE",
            "internalId": "resourceKind:id:5_::_",
            "resourceKindKey": "VirtualMachine"
         },
         {
            "adapterKindKey": "VMWARE",
            "internalId": "resourceKind:id:2_::_",
            "resourceKindKey": "StoragePod"
         },
         {
            "adapterKindKey": "VirtualAndPhysicalSANAdapter",
            "internalId": "resourceKind:id:3_::_",
            "resourceKindKey": "VirtualSANDatastore"
         },
         {
            "adapterKindKey": "VMWARE",
            "internalId": "resourceKind:id:1_::_",
            "resourceKindKey": "Datastore"
         },
         {
            "adapterKindKey": "VMWARE",
            "internalId": "resourceKind:id:0_::_",
            "resourceKindKey": "VmwareDistributedVirtualSwitch"
         }
      ]
   },
   "uuid": "88696f3e-ba30-4cd1-9734-00db406d25f4"
}