<?xml version="1.0" encoding="UTF-8" standalone="yes"?>
<Content>
    <Views>
        <ViewDef id="3e8261af-d920-4204-91f2-7de5bc12af56">
            <Title>tkopton-Host Utilization</Title>
            <Description/>
            <SubjectType adapterKind="VMWARE" resourceKind="HostSystem" type="descendant"/>
            <SubjectType adapterKind="VMWARE" resourceKind="HostSystem" type="self"/>
            <Usage>dashboard</Usage>
            <Usage>report</Usage>
            <Usage>details</Usage>
            <Usage>content</Usage>
            <Controls>
                <Control id="time-interval-selector_id_180" type="time-interval-selector" visible="false">
                    <Property name="advancedTimeMode" value="false"/>
                    <Property name="unit" value="MINUTES"/>
                    <Property name="count" value="15"/>
                </Control>
                <Control id="attributes-selector_id_181" type="attributes-selector" visible="false">
                    <Property name="attributeInfos">
                        <List>
                            <Item>
<Value>
    <Property name="objectType" value="RESOURCE"/>
    <Property name="attributeKey" value="sys|vmotionEnabled"/>
    <Property name="isStringAttribute" value="false"/>
    <Property name="adapterKind" value="VMWARE"/>
    <Property name="resourceKind" value="HostSystem"/>
    <Property name="rollUpType" value="NONE"/>
    <Property name="rollUpCount" value="0"/>
    <Property name="transformations">
        <List>
            <Item value="CURRENT"/>
        </List>
    </Property>
    <Property name="isProperty" value="false"/>
    <Property name="redBound" value="0.5"/>
    <Property name="ascendingRange" value="true"/>
    <Property name="displayName" value="vMotion Enabled"/>
    <Property name="addTimestampAsColumn" value="false"/>
    <Property name="isShowRelativeTimestamp" value="false"/>
</Value>
                            </Item>
                            <Item>
<Value>
    <Property name="objectType" value="RESOURCE"/>
    <Property name="attributeKey" value="summary|evcMode"/>
    <Property name="isStringAttribute" value="true"/>
    <Property name="adapterKind" value="VMWARE"/>
    <Property name="resourceKind" value="HostSystem"/>
    <Property name="rollUpCount" value="0"/>
    <Property name="transformations">
        <List>
            <Item value="CURRENT"/>
        </List>
    </Property>
    <Property name="isProperty" value="true"/>
    <Property name="displayName" value="Current EVC Mode"/>
    <Property name="addTimestampAsColumn" value="false"/>
    <Property name="isShowRelativeTimestamp" value="false"/>
</Value>
                            </Item>
                            <Item>
<Value>
    <Property name="objectType" value="RESOURCE"/>
    <Property name="attributeKey" value="summary|version"/>
    <Property name="isStringAttribute" value="true"/>
    <Property name="adapterKind" value="VMWARE"/>
    <Property name="resourceKind" value="HostSystem"/>
    <Property name="rollUpCount" value="0"/>
    <Property name="transformations">
        <List>
            <Item value="CURRENT"/>
        </List>
    </Property>
    <Property name="isProperty" value="true"/>
    <Property name="displayName" value="ESXi Version"/>
</Value>
                            </Item>
                            <Item>
<Value>
    <Property name="objectType" value="RESOURCE"/>
    <Property name="attributeKey" value="cpu|corecount_provisioned"/>
    <Property name="id" value="extModel28676-1"/>
    <Property name="preferredUnitId" value="7001"/>
    <Property name="isStringAttribute" value="false"/>
    <Property name="adapterKind" value="VMWARE"/>
    <Property name="resourceKind" value="HostSystem"/>
    <Property name="rollUpType" value="NONE"/>
    <Property name="rollUpCount" value="0"/>
    <Property name="transformations">
        <List>
            <Item value="CURRENT"/>
        </List>
    </Property>
    <Property name="displayName" value="Total Cores"/>
</Value>
                            </Item>
                            <Item>
<Value>
    <Property name="objectType" value="RESOURCE"/>
    <Property name="attributeKey" value="Super Metric|sm_33495bcb-0a52-4d64-8f42-949f1fda7a0f"/>
    <Property name="isStringAttribute" value="false"/>
    <Property name="adapterKind" value="VMWARE"/>
    <Property name="resourceKind" value="HostSystem"/>
    <Property name="rollUpType" value="NONE"/>
    <Property name="rollUpCount" value="0"/>
    <Property name="transformations">
        <List>
            <Item value="CURRENT"/>
        </List>
    </Property>
    <Property name="isProperty" value="false"/>
    <Property name="redBound" value="0.9"/>
    <Property name="ascendingRange" value="true"/>
    <Property name="displayName" value="Unallocated Cores"/>
</Value>
                            </Item>
                            <Item>
<Value>
    <Property name="objectType" value="RESOURCE"/>
    <Property name="attributeKey" value="cpu|capacity_contentionPct"/>
    <Property name="id" value="extModel28676-2"/>
    <Property name="preferredUnitId" value="percent"/>
    <Property name="isStringAttribute" value="false"/>
    <Property name="adapterKind" value="VMWARE"/>
    <Property name="resourceKind" value="HostSystem"/>
    <Property name="rollUpType" value="AVG"/>
    <Property name="rollUpUnit" value="MINUTES"/>
    <Property name="rollUpCount" value="5"/>
    <Property name="transformations">
        <List>
            <Item value="MAX"/>
        </List>
    </Property>
    <Property name="yellowBound" value="5"/>
    <Property name="orangeBound" value="10"/>
    <Property name="redBound" value="15"/>
    <Property name="ascendingRange" value="false"/>
    <Property name="displayName" value="Contention"/>
</Value>
                            </Item>
                            <Item>
<Value>
    <Property name="objectType" value="RESOURCE"/>
    <Property name="attributeKey" value="cpu|totalCapacity_average"/>
    <Property name="preferredUnitId" value="ghz"/>
    <Property name="isStringAttribute" value="false"/>
    <Property name="adapterKind" value="VMWARE"/>
    <Property name="resourceKind" value="HostSystem"/>
    <Property name="rollUpType" value="NONE"/>
    <Property name="rollUpCount" value="0"/>
    <Property name="transformations">
        <List>
            <Item value="CURRENT"/>
        </List>
    </Property>
    <Property name="isProperty" value="false"/>
    <Property name="displayName" value="CPU Capacity"/>
</Value>
                            </Item>
                            <Item>
<Value>
    <Property name="objectType" value="RESOURCE"/>
    <Property name="attributeKey" value="cpu|demandmhz"/>
    <Property name="id" value="extModel28676-3"/>
    <Property name="preferredUnitId" value="ghz"/>
    <Property name="isStringAttribute" value="false"/>
    <Property name="adapterKind" value="VMWARE"/>
    <Property name="resourceKind" value="HostSystem"/>
    <Property name="rollUpType" value="AVG"/>
    <Property name="rollUpUnit" value="MINUTES"/>
    <Property name="rollUpCount" value="5"/>
    <Property name="transformations">
        <List>
            <Item value="TIME_POINT"/>
        </List>
    </Property>
    <Property name="metricToRelateWith" value="cpu|capacity_contentionPct"/>
    <Property name="localizedMetricToRelateWith" value="CPU|Contention (%)"/>
    <Property name="isRelatedMetricAProperty" value="false"/>
    <Property name="operatorToRelateWith" value="MAX"/>
    <Property name="displayName" value="Demand (GHz)"/>
</Value>
                            </Item>
                            <Item>
<Value>
    <Property name="objectType" value="RESOURCE"/>
    <Property name="attributeKey" value="cpu|iowait"/>
    <Property name="id" value="extModel28676-6"/>
    <Property name="preferredUnitId" value="msec"/>
    <Property name="isStringAttribute" value="false"/>
    <Property name="adapterKind" value="VMWARE"/>
    <Property name="resourceKind" value="HostSystem"/>
    <Property name="rollUpType" value="AVG"/>
    <Property name="rollUpUnit" value="MINUTES"/>
    <Property name="rollUpCount" value="5"/>
    <Property name="transformations">
        <List>
            <Item value="TIME_POINT"/>
        </List>
    </Property>
    <Property name="metricToRelateWith" value="cpu|capacity_contentionPct"/>
    <Property name="localizedMetricToRelateWith" value="CPU|Contention (%)"/>
    <Property name="isRelatedMetricAProperty" value="false"/>
    <Property name="operatorToRelateWith" value="MAX"/>
    <Property name="yellowBound" value="3"/>
    <Property name="orangeBound" value="5"/>
    <Property name="redBound" value="10"/>
    <Property name="ascendingRange" value="false"/>
    <Property name="displayName" value="IO Wait (ms)"/>
</Value>
                            </Item>
                            <Item>
<Value>
    <Property name="objectType" value="RESOURCE"/>
    <Property name="attributeKey" value="cpu|costop_summation"/>
    <Property name="id" value="extModel28676-7"/>
    <Property name="preferredUnitId" value="msec"/>
    <Property name="isStringAttribute" value="false"/>
    <Property name="adapterKind" value="VMWARE"/>
    <Property name="resourceKind" value="HostSystem"/>
    <Property name="rollUpType" value="AVG"/>
    <Property name="rollUpUnit" value="MINUTES"/>
    <Property name="rollUpCount" value="5"/>
    <Property name="transformations">
        <List>
            <Item value="TIME_POINT"/>
        </List>
    </Property>
    <Property name="metricToRelateWith" value="cpu|capacity_contentionPct"/>
    <Property name="localizedMetricToRelateWith" value="CPU|Contention (%)"/>
    <Property name="isRelatedMetricAProperty" value="false"/>
    <Property name="operatorToRelateWith" value="MAX"/>
    <Property name="yellowBound" value="3"/>
    <Property name="orangeBound" value="5"/>
    <Property name="redBound" value="10"/>
    <Property name="ascendingRange" value="false"/>
    <Property name="displayName" value="Co-stop (ms)"/>
</Value>
                            </Item>
                            <Item>
<Value>
    <Property name="objectType" value="RESOURCE"/>
    <Property name="attributeKey" value="mem|usage_average"/>
    <Property name="preferredUnitId" value="percent"/>
    <Property name="isStringAttribute" value="false"/>
    <Property name="adapterKind" value="VMWARE"/>
    <Property name="resourceKind" value="HostSystem"/>
    <Property name="rollUpType" value="NONE"/>
    <Property name="rollUpCount" value="0"/>
    <Property name="transformations">
        <List>
            <Item value="CURRENT"/>
        </List>
    </Property>
    <Property name="isProperty" value="false"/>
    <Property name="yellowBound" value="85"/>
    <Property name="orangeBound" value="90"/>
    <Property name="redBound" value="95"/>
    <Property name="ascendingRange" value="false"/>
    <Property name="displayName" value="RAM Usage"/>
</Value>
                            </Item>
                            <Item>
<Value>
    <Property name="objectType" value="RESOURCE"/>
    <Property name="attributeKey" value="mem|vmmemctl_average"/>
    <Property name="preferredUnitId" value="gb"/>
    <Property name="isStringAttribute" value="false"/>
    <Property name="adapterKind" value="VMWARE"/>
    <Property name="resourceKind" value="HostSystem"/>
    <Property name="rollUpType" value="NONE"/>
    <Property name="rollUpCount" value="0"/>
    <Property name="transformations">
        <List>
            <Item value="CURRENT"/>
        </List>
    </Property>
    <Property name="isProperty" value="false"/>
    <Property name="redBound" value="0.9"/>
    <Property name="ascendingRange" value="true"/>
    <Property name="displayName" value="VM Ballooning"/>
</Value>
                            </Item>
                        </List>
                    </Property>
                </Control>
                <Control id="pagination-control_id_182" type="pagination-control" visible="true">
                    <Property name="start" value="0"/>
                    <Property name="size" value="50"/>
                </Control>
                <Control id="metadata_id_183" type="metadata" visible="false">
                    <Property name="maxPointsCount" value="5000"/>
                    <Property name="distributionColor" value="6870C4"/>
                    <Property name="hideObjectNameColumn" value="false"/>
                    <Property name="listTopResultSize" value="-1"/>
                </Control>
            </Controls>
            <DataProviders>
                <DataProvider dataType="list-view" id="list-view_id_179"/>
            </DataProviders>
            <Presentation type="list"/>
        </ViewDef>
    </Views>
</Content>
